Bugname,total pass,total fail,line no,pass cover,fail cover,suspiciousness_score,rank
GET_FACTORS,26,10,20,10,8,0.6753246753,1
GET_FACTORS,26,10,18,16,10,0.619047619,2
GET_FACTORS,26,10,19,16,10,0.619047619,2
GET_FACTORS,26,10,27,16,10,0.619047619,2
GET_FACTORS,26,10,21,9,5,0.5909090909,5
GET_FACTORS,26,10,22,9,5,0.5909090909,5
GET_FACTORS,26,10,23,9,5,0.5909090909,5
GET_FACTORS,26,10,24,9,5,0.5909090909,5
GET_FACTORS,26,10,15,20,10,0.5652173913,9
GET_FACTORS,26,10,16,4,0,0,10